{"cameraMode":{"drawMode":0,"name":"Shaded","section":"Shading Mode"},"sceneLighting":true,"audioPlay":false,"sceneViewState":{"m_AlwaysRefresh":false,"showFog":true,"showSkybox":true,"showFlares":true,"showImageEffects":true,"showParticleSystems":true,"showVisualEffectGraphs":true,"m_FxEnabled":true},"in2DMode":false,"pivot":{"x":0.3380739092826843,"y":6.639139652252197,"z":27.624637603759767},"rotation":{"x":-0.24818231165409089,"y":-0.010559292510151863,"z":0.002712793182581663,"w":-0.9686924815177918},"size":6.599948883056641,"orthographic":false}