{"cameraMode":{"drawMode":0,"name":"Shaded","section":"Shading Mode"},"sceneLighting":false,"audioPlay":false,"sceneViewState":{"m_AlwaysRefresh":false,"showFog":true,"showSkybox":false,"showFlares":true,"showImageEffects":true,"showParticleSystems":true,"showVisualEffectGraphs":true,"m_FxEnabled":true},"in2DMode":false,"pivot":{"x":0.2588501274585724,"y":3.138298273086548,"z":-1.929394245147705},"rotation":{"x":-0.18524864315986634,"y":-0.005828152410686016,"z":0.0009393872460350394,"w":-0.982780933380127},"size":5.366025924682617,"orthographic":false}