{"cameraMode":{"drawMode":0,"name":"Shaded","section":"Shading Mode"},"sceneLighting":false,"audioPlay":false,"sceneViewState":{"m_AlwaysRefresh":false,"showFog":true,"showSkybox":false,"showFlares":true,"showImageEffects":true,"showParticleSystems":true,"showVisualEffectGraphs":true,"m_FxEnabled":true},"in2DMode":false,"pivot":{"x":-5.319999694824219,"y":-0.05093991756439209,"z":16.88723373413086},"rotation":{"x":0.38884398341178896,"y":-0.009954988025128842,"z":0.004925927612930536,"w":0.9215015769004822},"size":3.431936740875244,"orthographic":false}