{"cameraMode":{"drawMode":0,"name":"Shaded","section":"Shading Mode"},"sceneLighting":false,"audioPlay":false,"sceneViewState":{"m_AlwaysRefresh":false,"showFog":true,"showSkybox":false,"showFlares":true,"showImageEffects":true,"showParticleSystems":true,"showVisualEffectGraphs":true,"m_FxEnabled":true},"in2DMode":false,"pivot":{"x":4.663212299346924,"y":6.0270843505859379,"z":44.15517044067383},"rotation":{"x":-0.22687597572803498,"y":-0.019984882324934007,"z":0.004153835587203503,"w":-0.9741513729095459},"size":2.1794495582580568,"orthographic":false}